{
  "total_qalys": {
    "mean": 76316.47818436185,
    "median": 69696.05260094178,
    "p05": 37703.68212760696,
    "p95": 136409.93579410884
  },
  "blended_cost_per_qaly_median": 434773.2997908761,
  "value_usd": {
    "mean": 57517504145.7853,
    "median": 51585797774.18027
  },
  "bc_ratio": {
    "median": 1.7023901757030706,
    "p05": 0.8127534491171665,
    "p95": 3.613302159485369
  },
  "total_giving_usd": 30301982771.297325,
  "frontier_qalys_median": 105433346.0902273,
  "frontier_multiple_median": 1510.457452078966,
  "per_archetype_mean": {
    "Health - insurance & access": 14514.268757028703,
    "Health - community health centers": 5945.97244708553,
    "Health - mental & behavioral": 9135.036588251229,
    "Economic security - cash & financial": 3159.365343767651,
    "Economic security - food security": 2600.034279608561,
    "Economic security - housing & homelessness": 5953.164672275784,
    "Economic security - workforce & mobility": 6580.81709784132,
    "Education (HBCUs, comm. college, scholarships)": 19016.04732215335,
    "Equity & justice": 1780.6904307601258,
    "Civic / democracy / philanthropy infra": 533.2961808123993,
    "Arts & culture": 81.91335225642358,
    "Environment / climate": 3262.1577157418287,
    "Other / general community": 3753.7139967789494
  }
}