{
  "total_qalys": {
    "mean": 77428.83189703595,
    "median": 70516.74327604182,
    "p05": 38029.74498711736,
    "p95": 139284.62132535648
  },
  "blended_cost_per_qaly_median": 429713.30445206864,
  "value_usd": {
    "mean": 58349995579.1761,
    "median": 52308675778.86792
  },
  "bc_ratio": {
    "median": 1.7262459745180703,
    "p05": 0.8173952442113697,
    "p95": 3.6918942428662374
  },
  "total_giving_usd": 30301982771.297325,
  "frontier_qalys_median": 105512691.48853457,
  "frontier_multiple_median": 1489.9640032928992,
  "per_archetype_mean": {
    "Health - insurance & access": 13716.025708920775,
    "Health - community health centers": 5616.179060509203,
    "Health - mental & behavioral": 9184.921562992267,
    "Economic security - cash & financial": 3576.5308105987383,
    "Economic security - food security": 2179.9231602906398,
    "Economic security - housing & homelessness": 6425.945204966641,
    "Economic security - workforce & mobility": 7033.208559209549,
    "Education (HBCUs, comm. college, scholarships)": 20424.226223638747,
    "Equity & justice": 1628.31391048119,
    "Civic / democracy / philanthropy infra": 529.6701573567958,
    "Arts & culture": 74.26279120705354,
    "Environment / climate": 2948.139008103286,
    "Other / general community": 4091.485738761073
  }
}