{
  "total_qalys": {
    "mean": 76899.64178635478,
    "median": 70194.96988406409,
    "p05": 37808.55643358191,
    "p95": 137529.4367559575
  },
  "blended_cost_per_qaly_median": 431683.1080823671,
  "value_usd": {
    "mean": 57939219612.51812,
    "median": 52106957073.93562
  },
  "bc_ratio": {
    "median": 1.7195890271343046,
    "p05": 0.8206305108059598,
    "p95": 3.630481238430522
  },
  "total_giving_usd": 30301982771.297325,
  "frontier_qalys_median": 105517654.12687638,
  "frontier_multiple_median": 1499.2545566752706,
  "per_archetype_mean": {
    "Health - insurance & access": 14514.268757028703,
    "Health - community health centers": 5945.97244708553,
    "Health - mental & behavioral": 9135.036588251229,
    "Economic security - cash & financial": 3729.98134659832,
    "Economic security - food security": 2625.8908931963415,
    "Economic security - housing & homelessness": 5938.557456337567,
    "Economic security - workforce & mobility": 6588.029507044074,
    "Education (HBCUs, comm. college, scholarships)": 19026.401157980275,
    "Equity & justice": 1770.8217792159116,
    "Civic / democracy / philanthropy infra": 531.7776866089854,
    "Arts & culture": 85.00957599192218,
    "Environment / climate": 3266.6184992563494,
    "Other / general community": 3741.2760917595847
  }
}