{
  "total_qalys": {
    "mean": 93513.35204057106,
    "median": 86716.36834220398,
    "p05": 48620.901203365574,
    "p95": 160760.05933759257
  },
  "blended_cost_per_qaly_median": 348260.8937934913,
  "value_usd": {
    "mean": 56988258927.94449,
    "median": 51926809008.36836
  },
  "bc_ratio": {
    "median": 1.7194353197829062,
    "p05": 0.8484336611625339,
    "p95": 3.474489719369307
  },
  "frontier_qalys_median": 122507673.42131665,
  "frontier_multiple_median": 1411.3601020791266,
  "per_archetype_mean": {
    "Health - insurance & access": 16084.360243081048,
    "Health - community health centers": 5474.621671709679,
    "Health - mental & behavioral": 16120.863241284495,
    "Economic security - cash & financial": 6792.550168914871,
    "Economic security - food security": 7629.011218116028,
    "Economic security - housing & homelessness": 13123.7397037706,
    "Economic security - workforce & mobility": 3920.9057990822353,
    "Education (HBCUs, comm. college, scholarships)": 18203.678086802578,
    "Equity & justice": 2266.209961051135,
    "Civic / democracy / philanthropy infra": 197.3273102141857,
    "Arts & culture": 74.23620769539893,
    "Environment / climate": 1593.9754762428513,
    "Other / general community": 2031.8729526059622
  }
}