{
  "total_qalys": {
    "mean": 113307.90559355982,
    "median": 105968.98347144148,
    "p05": 59296.87558814577,
    "p95": 191638.55671676734
  },
  "blended_cost_per_qaly_median": 248185.82889518558,
  "value_usd": {
    "mean": 70690582328.72852,
    "median": 64550499193.67209
  },
  "bc_ratio": {
    "median": 2.4543916043221325,
    "p05": 1.1313688794376757,
    "p95": 5.031396413405014
  },
  "frontier_qalys_median": 304046950.41549397,
  "frontier_multiple_median": 2863.3074855757636,
  "per_archetype_mean": {
    "Health - insurance & access": 22283.342536622873,
    "Health - community health centers": 13838.036596642598,
    "Health - mental & behavioral": 23040.564625110157,
    "Economic security - cash & financial": 5889.953045114174,
    "Economic security - food security": 6679.768681602526,
    "Economic security - housing & homelessness": 17054.140195831173,
    "Economic security - workforce & mobility": 3427.118420337081,
    "Education (HBCUs, comm. college, scholarships)": 15766.723690259822,
    "Equity & justice": 1956.3249153061274,
    "Civic / democracy / philanthropy infra": 171.86988120087426,
    "Arts & culture": 64.73970612939316,
    "Environment / climate": 1369.890074464691,
    "Other / general community": 1765.4332249383283
  }
}