{
  "total_qalys": {
    "mean": 113509.71746005508,
    "median": 106135.48156876418,
    "p05": 59547.31349725489,
    "p95": 191469.8198877992
  },
  "blended_cost_per_qaly_median": 247796.49191104237,
  "value_usd": {
    "mean": 70770603931.07301,
    "median": 64589191419.70174
  },
  "bc_ratio": {
    "median": 2.45586279162364,
    "p05": 1.1368328543674815,
    "p95": 5.030503405619969
  },
  "frontier_qalys_median": 207912339.8288856,
  "frontier_multiple_median": 1955.3851631120783,
  "per_archetype_mean": {
    "Health - insurance & access": 22642.57860124799,
    "Health - community health centers": 13782.106337532976,
    "Health - mental & behavioral": 22944.18193785728,
    "Economic security - cash & financial": 5884.1526426284245,
    "Economic security - food security": 6618.549905769819,
    "Economic security - housing & homelessness": 17087.621157263864,
    "Economic security - workforce & mobility": 3397.531058658124,
    "Education (HBCUs, comm. college, scholarships)": 15775.924421518996,
    "Equity & justice": 1959.5493151653493,
    "Civic / democracy / philanthropy infra": 174.53849029310751,
    "Arts & culture": 64.17331586523002,
    "Environment / climate": 1413.715420647272,
    "Other / general community": 1765.0948556066512
  }
}