{
  "total_qalys": {
    "mean": 104874.41686354458,
    "median": 97527.46864300728,
    "p05": 54266.452112427076,
    "p95": 179865.48965977787
  },
  "blended_cost_per_qaly_median": 269667.6163750086,
  "value_usd": {
    "mean": 65390589225.85432,
    "median": 59369199490.73422
  },
  "bc_ratio": {
    "median": 2.2573840110545333,
    "p05": 1.037189908776191,
    "p95": 4.702694644729059
  },
  "frontier_qalys_median": 207912339.8288856,
  "frontier_multiple_median": 2126.355339806183,
  "per_archetype_mean": {
    "Health - insurance & access": 14007.278004737498,
    "Health - community health centers": 13782.106337532976,
    "Health - mental & behavioral": 22944.18193785728,
    "Economic security - cash & financial": 5884.1526426284245,
    "Economic security - food security": 6618.549905769819,
    "Economic security - housing & homelessness": 17087.621157263864,
    "Economic security - workforce & mobility": 3397.531058658124,
    "Education (HBCUs, comm. college, scholarships)": 15775.924421518996,
    "Equity & justice": 1959.5493151653493,
    "Civic / democracy / philanthropy infra": 174.53849029310751,
    "Arts & culture": 64.17331586523002,
    "Environment / climate": 1413.715420647272,
    "Other / general community": 1765.0948556066512
  }
}